-- MySQL dump 10.19  Distrib 10.3.39-MariaDB, for debian-linux-gnu (x86_64)
--
-- Host: localhost    Database: mygifts
-- ------------------------------------------------------
-- Server version       10.3.39-MariaDB-0ubuntu0.20.04.2

/*!40101 SET @OLD_CHARACTER_SET_CLIENT=@@CHARACTER_SET_CLIENT */;
/*!40101 SET @OLD_CHARACTER_SET_RESULTS=@@CHARACTER_SET_RESULTS */;
/*!40101 SET @OLD_COLLATION_CONNECTION=@@COLLATION_CONNECTION */;
/*!40101 SET NAMES utf8mb4 */;
/*!40103 SET @OLD_TIME_ZONE=@@TIME_ZONE */;
/*!40103 SET TIME_ZONE='+00:00' */;
/*!40014 SET @OLD_UNIQUE_CHECKS=@@UNIQUE_CHECKS, UNIQUE_CHECKS=0 */;
/*!40014 SET @OLD_FOREIGN_KEY_CHECKS=@@FOREIGN_KEY_CHECKS, FOREIGN_KEY_CHECKS=0 */;
/*!40101 SET @OLD_SQL_MODE=@@SQL_MODE, SQL_MODE='NO_AUTO_VALUE_ON_ZERO' */;
/*!40111 SET @OLD_SQL_NOTES=@@SQL_NOTES, SQL_NOTES=0 */;

--
-- Table structure for table `gifts`
--

DROP TABLE IF EXISTS `gifts`;
/*!40101 SET @saved_cs_client     = @@character_set_client */;
/*!40101 SET character_set_client = utf8 */;
CREATE TABLE `gifts` (
  `id` int(10) unsigned NOT NULL AUTO_INCREMENT,
  `created_at` datetime DEFAULT current_timestamp(),
  `updated_at` datetime DEFAULT current_timestamp() ON UPDATE current_timestamp(),
  `deleted_at` datetime DEFAULT '0000-00-00 00:00:00',
  `user_id` int(11) NOT NULL,
  `list_id` int(11) NOT NULL,
  `name` varchar(255) NOT NULL,
  `description` varchar(255) DEFAULT NULL,
  `price` varchar(255) DEFAULT NULL,
  `amount_asked` varchar(255) DEFAULT '1',
  `amount_bought` varchar(255) DEFAULT NULL,
  `shop` varchar(255) DEFAULT NULL,
  `image` varchar(255) DEFAULT NULL,
  `url` varchar(255) DEFAULT NULL,
  `is_secret` tinyint(1) DEFAULT 0,
  `stars` int(11) DEFAULT 0,
  PRIMARY KEY (`id`)
) ENGINE=InnoDB AUTO_INCREMENT=845 DEFAULT CHARSET=utf8mb4 COLLATE=utf8mb4_unicode_ci;
/*!40101 SET character_set_client = @saved_cs_client */;

--
-- Dumping data for table `gifts`
--

LOCK TABLES `gifts` WRITE;
/*!40000 ALTER TABLE `gifts` DISABLE KEYS */;
INSERT INTO `gifts` VALUES (5,'2011-11-13 22:01:44','2025-10-06 19:33:12',NULL,1,1,'Hazelnoot chocolade letters','Hmmm jummie','0','20','0','','','',0,3),(46,'2010-11-25 16:39:08','2024-09-25 10:23:26',NULL,4,4,'SURPRISE','Meddun éééééééééél lang gedicht van Sinterklaas!','','1','0','Zelf make','/images/gifts/4/Lego Surprise.jpg','',0,3),(107,'2013-11-15 16:11:34','2017-11-27 17:32:57',NULL,7,7,'SURPRISE','','0,00','1','1','','','',0,0),(127,'2013-11-05 11:35:26','2019-11-23 13:34:32',NULL,9,9,'Chocolade letter (wit)','','0,00','1','1','','','',0,0),(142,'2016-11-08 22:03:32','2021-11-16 17:31:58','0000-00-00 00:00:00',1,1,'Magazine Wetenschap in beeld','De meest recente die je in de supermarkt kunt vinden','5,95','10','1','supermarkt, primera, boekenwinkel, etc','/images/gifts/1/wib.jpg','http://wibnet.nl/over-wetenschap-in-beeld/nieuw-nummer-dit-is-nasa-s-reddingsplan-tegen-gigantische-planetoiden',0,4),(161,'2016-11-13 15:37:03','2018-12-08 19:24:59','0000-00-00 00:00:00',8,8,'AGENDA 2020','','','1','1','',NULL,'',0,NULL),(163,'2016-11-13 15:38:11','2017-11-08 22:28:31','0000-00-00 00:00:00',8,8,'KERSTSTER','','','1','0','BLOEMENWINKEL',NULL,'',0,NULL),(182,'2017-11-04 09:09:40','2024-11-20 14:41:10','0000-00-00 00:00:00',9,9,'Geld','Als je niet weet wat je wilt kopen vind ik geld ook een goed cadeau.','','1','1','Portemonnee','/images/gifts/9/200 euro.jpg','',0,5),(183,'2017-11-04 09:41:42','2024-06-26 13:59:40','0000-00-00 00:00:00',10,10,'Geld','','','1','0','','/images/gifts/10/download.jpg','',0,5),(237,'2017-11-19 07:52:20','2017-11-19 07:52:20','0000-00-00 00:00:00',12,12,'Twat','','','1','0','','/images/gifts/12/IMG_3341.JPG','',0,NULL),(259,'2017-11-25 11:03:58','2019-11-17 20:12:39','0000-00-00 00:00:00',8,8,'DOUCHE GEL','','','1','1','',NULL,'',0,NULL),(260,'2017-11-25 11:04:26','2019-11-17 20:12:35','0000-00-00 00:00:00',8,8,'AMARYLLIS IN WAX','','','4','4','INTRATUIN',NULL,'',0,NULL),(289,'2018-10-30 18:06:17','2022-07-23 22:08:08','0000-00-00 00:00:00',1,1,'Space Shuttle - 10283','Lego set van de Space Shuttle - 10283, zie link voor goedkoopste winkel','180','1','0','webshop','/images/gifts/1/space-shuttle.png','https://www.brickwatch.net/en-NL/set/10283/NASA-Space-Shuttle-Discovery.html',0,4),(291,'2018-10-30 20:07:10','2024-11-18 21:10:43','0000-00-00 00:00:00',1,1,'Saturn V F-1 Engine','Auteur: Anthony Young\r\nTaal: Engels \r\n','55','1','0','bol.com','/images/gifts/1/saturn-v-book.png','https://www.bol.com/nl/p/saturn-v-f-1-engine/1001004006224740/?suggestionType=suggestedsearch&bltgh=kkqPJfqDwYDfURj2sdJBbQ.1.7.ProductImage',0,4),(364,'2018-12-20 12:47:21','2021-11-21 16:59:22','0000-00-00 00:00:00',1,1,'Snowspeeder - 75144','LEGO Set Snowspeeder™ (75144)','150','1','1','','/images/gifts/1/snowspeeder.jpg','https://www.brickwatch.net/nl-NL/set/75144/Snowspeeder.html',0,4),(366,'2018-12-20 13:09:36','2020-11-29 07:47:08','0000-00-00 00:00:00',1,1,'Sandcrawler - 75059','LEGO Set Sandcrawler (75059)','350','1','0','','/images/gifts/1/lego sandcrawler.png','https://www.brickwatch.net/nl-NL/set/75059/Sandcrawler.html',0,4),(458,'2019-12-21 09:00:05','2020-11-29 07:49:20','0000-00-00 00:00:00',1,1,'Lego Set: Imperial Star Destroyer™ 75252','Lego Set: Imperial Star Destroyer™ 75252','700','1','0','lego.com etc','/images/gifts/1/75252.png','https://www.brickwatch.net/nl-NL/set/75252/Imperial-Star-Destroyer.html',0,4),(491,'2020-10-18 07:31:39','2021-11-09 18:57:37','0000-00-00 00:00:00',4,4,'Oude houten kleerhangers','Sinterklaas, als u langskomt op 5 december, dan kunt uw aan deze hangers uw mantel ophangen. We hebben er een paar. De rest is van plastic, maar onze jassen zijn te zwaar en die buigen door. Leuk als er nog oude teksten op staan van winkels of leverancier','','8','3','Kringloop, Marktplaats','/images/gifts/4/Oude houten kleerhangers.jpg','',0,2),(543,'2020-11-03 13:27:46','2022-12-27 22:02:38','0000-00-00 00:00:00',3,3,'AMARYLLIS','','','1','3','','/images/gifts/3/3452A59D-A5D5-436C-9298-87EF080D15B1.jpeg','',0,NULL),(549,'2020-11-05 11:07:36','2024-11-18 21:10:35','0000-00-00 00:00:00',1,1,'Boek: Agile software development','Engelstalig boek geschreven door Robert C Martin:\r\nAgile Software Development, Principles, Patterns, and Practices','55','1','0','bol.com','/images/gifts/1/Screenshot 2020-11-05 at 12.07.24.png','https://www.bol.com/nl/p/agile-software-development-principles-patterns-and-practices/9200000015670360/?bltgh=iUiPHBIrNIZ-D83t845Jww.1_4.5.ProductTitle',0,4),(585,'2020-12-06 15:53:01','2024-11-13 21:03:28','0000-00-00 00:00:00',3,3,'Vogelhuisje','Voederhuis  (die op de paal staat is kapot)','','1','1','',NULL,'',0,NULL),(632,'2021-11-14 11:58:05','2024-11-19 09:47:36','0000-00-00 00:00:00',1,1,'Lego platen 48x48 grijs 10701','Grijze Lego platen van 48x48. Bij vele winkels te koop, check brickwatch.net voor de goedkoopste op dit moment.\r\nheb er veel nodig voor een legokast die ik ga maken','10','99','3','brickwatch.net','/images/gifts/1/10701.jpg','https://www.brickwatch.net/en-NL/set/10701/Gray-Baseplate.html',0,5),(685,'2022-02-03 20:19:10','2022-02-03 20:36:10','0000-00-00 00:00:00',1,1,'Boek: Growing Object-Oriented Software, Guided by Tests','Engelstalig boek: Growing Object-Oriented Software, Guided by Tests\r\nGeschreven door Steve Freeman','52','1','0','bol.com','/images/gifts/1/550x730.jpeg','https://www.bol.com/nl/nl/p/growing-object-oriented-software-guided-by-tests/1001004006215748/?bltgh=rGmSgLbfN3qls7nRJfhNqw.2_9.10.ProductTitle',0,5),(686,'2022-02-09 16:24:29','2022-02-09 16:24:29','0000-00-00 00:00:00',1,1,'Clean Craftsmanship: Disciplines, Standards, and Ethics','Engels boek van Robert C. Martin','27','1','0','amazon.nl','/images/gifts/1/clean craftsmanship.jpg','https://www.amazon.nl/Clean-Craftsmanship-Disciplines-Standards-Ethics/dp/013691571X/ref=pd_sbs_4/262-0165260-0108269?pd_rd_w=H4IxE&pf_rd_p=4cad314e-ac40-4ce8-bff5-a740fc9e6339&pf_rd_r=CW7VZRAEV6Y3V0T6BXV9&pd_rd_r=73483bea-6c43-41e8-8dbc-49360a83c9ee&pd_r',0,5),(687,'2022-02-09 16:26:05','2022-02-09 16:26:05','0000-00-00 00:00:00',1,1,'Code That Fits in Your Head: ','Engels boek van Mark Seemann. volledige titel: Code That Fits in Your Head: Heuristics for Software Engineering','40','1','0','amazon.nl','/images/gifts/1/code that.jpg','https://www.amazon.nl/dp/0137464401/ref=pe_28126711_487805961_TE_item',0,5),(690,'2022-06-12 09:53:47','2022-09-30 15:41:37','0000-00-00 00:00:00',9,9,'Mochies','','9,95','1','0','Bol.com','/images/gifts/9/BC1B4DA6-2090-4595-BA0D-93234492EABE.jpeg','https://www.bol.com/nl/nl/p/fidget-toys-mochi-squishy-pakket-van-10-stuks-squishy-dieren-animal-mochies/9300000025043134/?bltgh=hladodr0HzltTJw0KR9OxQ.jEeYZYf0uFCnBKu7GatNIA_0_9.10.ProductTitle#open=true',0,5),(692,'2022-07-19 19:55:01','2022-07-19 19:55:01','0000-00-00 00:00:00',2,2,'Geld','voor lego or iets anders...','','1','0','',NULL,'',0,NULL),(695,'2022-07-23 21:43:32','2022-07-23 22:02:33','0000-00-00 00:00:00',1,1,'Geld voor gereedschap','Geld om bij Baptist in arnhem mooi stuk gereedschap van te kopen','','999','0','','/images/gifts/1/baptist.jpeg','',0,5),(717,'2022-11-12 07:22:34','2022-11-12 07:34:57','0000-00-00 00:00:00',1,1,'2e hands Lego voor Lego kast','Heb veel bouwstenen nodig. Ga veel bouwen met grijstinten, bruintinten en ook veel groen. Hier en daar wat blauw en rood. Zal weinig roze, paars, geel enzo gebruiken ','','9999999','0','Save-a-brick, marktplaats, etc','/images/gifts/1/CA9DA1FB-B18A-4848-8A8B-B17E5BADD168.jpeg','',0,5),(718,'2022-11-15 15:47:32','2024-12-01 07:54:58','0000-00-00 00:00:00',5,5,'Verlichting voor Lego kraan','Als Sinterklaas ‘s nachts op pad moet om een zoekgeraakte Piet omhoog te takelen','0','1','0','Legowinkel',NULL,'',0,5),(723,'2022-11-17 09:54:15','2024-10-19 18:04:23','0000-00-00 00:00:00',4,4,'LEGO Trolls Lonesome Flats wildwateravontuur 41253','Set wordt niet meer gemaakt door LEGO, want Trolls is geflopt. Heb alle Intertoysen al afgespeurd, nergens meer te vinden. Misschien op Marktplaats? Niet meer dan 22,50 betalen hoor Sinterklaas!','22,50','1','0','','/images/gifts/4/LEGO Trolls Lonesome Flats wildwateravontuur 41253.jpg','',0,2),(724,'2022-11-17 09:57:53','2024-10-19 18:04:34','0000-00-00 00:00:00',4,4,'LEGO Trolls Vibe City Concert 41258','Set wordt niet meer gemaakt door LEGO, want Trolls is geflopt. Heb alle Intertoysen al afgespeurd, nergens meer te vinden. Misschien op Marktplaats? Niet meer dan 40,00 betalen hoor Sinterklaas!','','1','1','','/images/gifts/4/LEGO Trolls Vibe City Concert 41258.jpg','',0,2),(734,'2022-12-09 12:51:35','2023-09-14 07:14:07','0000-00-00 00:00:00',4,4,'LEGO Trolls Poppy\'s Carriage 30555 (polybag)','Set wordt niet meer gemaakt door LEGO, want Trolls is geflopt. Heb alle Intertoysen al afgespeurd, nergens meer te vinden. Misschien op Marktplaats? Niet meer dan 4,00 betalen hoor Sinterklaas!','','1','0','','/images/gifts/4/LEGO Trolls Poppy\'s Carriage 30555.jpg','',0,2),(735,'2022-12-09 12:55:24','2024-10-19 18:04:49','0000-00-00 00:00:00',4,4,'LEGO Trolls Rainbow Caterbus 41256','Set wordt niet meer gemaakt door LEGO, want Trolls is geflopt. Heb alle Intertoysen al afgespeurd, nergens meer te vinden. Misschien op Marktplaats? Niet meer dan 40,00 betalen hoor Sinterklaas!','','1','0','','/images/gifts/4/LEGO Trolls Rainbow Caterbus 41256.jpg','',0,2),(741,'2022-12-16 11:41:25','2024-12-19 11:39:01','0000-00-00 00:00:00',5,5,'Strandlaken Pink Floyd','Meer een collectors’ item','0','1','1','Geen idee',NULL,'',0,5),(758,'2023-11-19 12:36:27','2023-11-19 12:36:27','0000-00-00 00:00:00',3,3,'LEGO 21043','Architecture SAN FRANCISCO','','1','0','',NULL,'',0,NULL),(782,'2024-06-26 14:04:44','2024-12-01 07:56:58','0000-00-00 00:00:00',2,2,'Lego kersenbloesems','','10-20','4','4','','/images/gifts/2/81PSlAPX81L._AC_SL1500_.jpg','https://www.brickwatch.net/nl-NL/set/40725/Cherry-Blossoms.html',0,5),(783,'2024-06-26 14:18:38','2024-11-25 09:45:06','0000-00-00 00:00:00',2,2,'Ruimtebasis op Mars en raket (42605)','','','1','1','','/images/gifts/2/42605.jpg','https://www.brickwatch.net/nl-NL/set/42605/Mars-Space-Base-and-Rocket.html',0,4),(784,'2024-06-26 14:19:35','2024-06-26 14:19:35','0000-00-00 00:00:00',2,2,' Astronomisch kampeervoertuig (42603)','','','1','0','','/images/gifts/2/42603.jpg','https://www.brickwatch.net/nl-NL/set/42603/Stargazing-Camping-Vehicle.html',0,4),(785,'2024-06-26 14:21:23','2024-06-26 14:21:23','0000-00-00 00:00:00',2,2,'CK One parfum (100 of 200ml)','','','1','0','',NULL,'https://www.wehkamp.nl/calvin-klein-ck-one-eau-de-toilette-200-ml-16652119/?MaatCode=000&utm_id=03e271aa6d7512f7b51917d64ef57470&msclkid=03e271aa6d7512f7b51917d64ef57470&utm_source=bing&utm_medium=cpc&utm_campaign=Shopping%20-%20Non-fashion%20-%20%233%20S',0,5),(791,'2024-09-28 19:00:20','2024-10-27 10:03:06','0000-00-00 00:00:00',4,4,'LEGO Baby Gorilla Encounter (30665)','Was een GWP bij lego, nu alleen op Bricklink te koop. In de link de winkels in NL die deze set verkopen.','3,99','1','0','Bricklink','/images/gifts/4/30665 Baby Gorilla Encounter.png','https://www.bricklink.com/v2/catalog/catalogitem.page?S=30665-1&name=Baby%20Gorilla%20Encounter%20polybag&category=%5BTown%5D%5BCity%5D%5BJungle%5D#T=S&O={%22ss%22:%22NL%22,%22cond%22:%22N%22,%22loc%22:%22NL%22,%22rpp%22:%22500%22,%22iconly%22:0}',0,4),(798,'2024-10-19 18:29:43','2024-10-19 18:29:43','0000-00-00 00:00:00',4,4,'LEGO City - Baby Gorilla Encounter (30665)','Deze polybag is alleen bij Lego verkrijgbaar.','4','1','0','Legostore','/images/gifts/4/30665 Baby Gorilla Encounter.png','',0,4),(804,'2024-11-10 18:54:37','2024-11-10 18:54:37','0000-00-00 00:00:00',10,10,'V-bucks','','8,99','1','0','Albert Heijn','/images/gifts/10/IMG_1747.jpeg','',0,4),(807,'2024-11-13 21:18:30','2024-11-13 21:18:30','0000-00-00 00:00:00',3,3,'LEGO BRICK','Brick 1x1 tan','','22','0','','/images/gifts/3/IMG_1395.png','',0,NULL),(808,'2024-11-14 11:20:57','2024-11-14 11:21:48','0000-00-00 00:00:00',2,2,'Lightsaber chopsticks','','15,00','1','0','Online bijv Amazon','/images/gifts/2/IMG_1429.jpeg','https://www.amazon.nl/lichtgevende-led-verlichting-lichtzwaard-led-lichtzwaard-laserzwaard/dp/B0C2KC34SP/ref=mp_s_a_1_2?adgrpid=104495258848&dib=eyJ2IjoiMSJ9.YYaYZOQll1vGHrx6JEaFyrmVlHFfijOLZKxcwHhT5kRvpSaEKt9nKJ_Wbil_Z_LtI7s-Q45TFSBP21V0B-1PZZdlrL5nS7yxJ',0,5),(811,'2024-11-18 12:33:20','2024-11-18 12:39:48','0000-00-00 00:00:00',2,2,'Sarah J Maas Court collectie','PAPERBACK ENGELS','40','1','0','bol.com','/images/gifts/2/550x482.jpg','https://www.bol.com/nl/nl/p/a-court-of-thorns-and-roses-paperback-box-set/9300000102809209/?bltgh=g6Ul733dCtJDd9mI0OhJYg.2_18.19.ProductTitle',0,4),(812,'2024-11-18 12:34:44','2024-11-18 12:39:40','0000-00-00 00:00:00',2,2,'House of Flame and Shadow','Sarah J Maas PAPERBACK ENGELS','18','1','0','bol.com','/images/gifts/2/546x840.jpg','https://www.bol.com/nl/nl/p/house-of-flame-and-shadow/9300000145369931/?bltgh=g6Ul733dCtJDd9mI0OhJYg.2_18.76.ProductImage',0,5),(813,'2024-11-18 12:36:45','2024-11-18 12:37:14','0000-00-00 00:00:00',2,2,'Nightmare before Christmas LEGO','','200','1','0','lego',NULL,'https://www.lego.com/nl-nl/product/disney-tim-burton-s-the-nightmare-before-christmas-21351',0,5),(814,'2024-11-18 12:39:27','2025-07-19 10:38:03','0000-00-00 00:00:00',2,2,'The boy, the mole, the fox and the horse','Engels','18','1','1','bol.com','/images/gifts/2/550x702.jpg','https://www.bol.com/nl/nl/p/the-boy-the-mole-the-fox-and-the-horse/9200000105032498/?suggestionType=featured_product',0,5),(819,'2024-11-27 20:21:51','2024-12-01 07:55:12','0000-00-00 00:00:00',5,5,'AIR TAG','Van Apple','0','1','0','Amac',NULL,'',0,NULL),(820,'2024-11-30 23:27:56','2024-12-21 15:05:57','0000-00-00 00:00:00',5,5,'Port','Lekker bij de winterse kou','0','1','1','',NULL,'',0,NULL),(821,'2024-12-01 10:36:23','2024-12-14 09:38:05','0000-00-00 00:00:00',7,7,'thermoshirt maat L','hoeft niet per se van de decathlon te zijn','12,99','2','2','Decathlon',NULL,'https://www.decathlon.nl/p/thermoshirt-heren-dames-keepcomfort-met-lange-mouwen-zwart/_/R-p-334669?mc=8650758&c=Zwart',0,NULL),(822,'2024-12-01 10:42:48','2024-12-01 10:42:48','0000-00-00 00:00:00',7,7,'bierbrouwpakket blond bier','van brewmonkey','33,95','1','0','brewmonkeykit.com',NULL,'https://brewmonkeykit.com/nl/product/basis-bierbrouw-pakket-blond-bier/',0,NULL),(823,'2024-12-01 10:46:50','2024-12-14 11:48:18','0000-00-00 00:00:00',7,7,'slagersblok snijplank 45x36 cm','','14,99','1','1','Ikea',NULL,'https://www.ikea.com/nl/nl/p/aptitlig-slagersblok-bamboe-00233429/',0,NULL),(824,'2024-12-01 10:48:47','2024-12-14 11:48:41','0000-00-00 00:00:00',7,7,'keukenweegschaal','Bij de keukenweegschaal die ik heb werkt de tare functie niet (hoeft niet per se van IKEA te zijn)','9,99','1','1','Ikea',NULL,'https://www.ikea.com/nl/nl/p/genomsnitt-weegschaal-40480154/',0,NULL),(825,'2024-12-01 10:50:43','2024-12-18 21:50:50','0000-00-00 00:00:00',7,7,'amaretto','','18','1','1','Gall en Gall',NULL,'https://www.gall.nl/disaronno-originale-70cl-670863.html',0,NULL),(826,'2024-12-01 10:57:03','2024-12-01 10:57:03','0000-00-00 00:00:00',7,7,'contactgrill','','32,99','1','0','bol.com',NULL,'https://www.bol.com/nl/nl/p/princess-112415-panini-grill-contactgrill-groot-tosti-ijzer-zwevend-bovendeksel-verticaal-opbergbaar/9200000095215891/?bltgh=p-bCJzDluF09ah-vTVZChA.2_18.21.ProductImage',0,NULL),(827,'2024-12-01 20:31:53','2024-12-01 20:31:53','0000-00-00 00:00:00',5,5,'Houder voor Airtec','','???','1','0','Amac of elders',NULL,'',0,NULL),(828,'2024-12-01 20:35:22','2024-12-01 20:36:02','0000-00-00 00:00:00',5,5,'AXA KABELSLOT','Voor mijn fiets.\r\nLengte  40-50 cm.\r\nMag ook van ABUS zijn.','???','1','0','Fietsenwinkel',NULL,'',0,NULL),(829,'2024-12-04 15:35:18','2024-12-12 10:28:43','0000-00-00 00:00:00',5,5,'Autobandenhoes','één hoes die in één keer over de banden heen geplaatst kan worden. Voor banden mét velg','???','1','1','???',NULL,'',0,NULL),(830,'2024-12-04 15:37:20','2024-12-21 15:06:01','0000-00-00 00:00:00',5,5,'Amaretto','Ook lekker bij de winterse kou!','???','1','1','Amarettowinkel',NULL,'',0,NULL),(831,'2024-12-05 18:26:53','2024-12-05 18:26:53','0000-00-00 00:00:00',5,5,'Nieuw Vastenavend ‘oedje','‘k oop dat ‘r al wa te kòòp is in de winkels want ‘t is bestuurlijk nog lang gin Vastenavend','???','1','0','???',NULL,'',0,NULL),(832,'2024-12-06 10:49:15','2024-12-20 11:31:03','0000-00-00 00:00:00',6,6,'Sleuteletui','Leder met twee of drie eisen om sleutels in te doen','','1','1','Diufhuizen',NULL,'',0,NULL),(833,'2024-12-06 10:51:05','2024-12-18 17:32:07','0000-00-00 00:00:00',6,6,'Theemuts','Om je thee in de muts warm te houden','','1','1','',NULL,'',0,NULL),(834,'2024-12-06 10:53:52','2024-12-21 14:02:05','0000-00-00 00:00:00',6,6,'Gripjes','Voor om mijn handvat van mijn badmintonracket te doen','','1','1','Janssen sport of andere sportwinkel',NULL,'',0,NULL),(835,'2024-12-06 10:59:15','2024-12-18 21:49:02','0000-00-00 00:00:00',6,6,'Plastic zakjes','Plastic zakjes  size40 x60x0;05 mm om mijn diamond paintings in te bewaren die ik over heb','','1','1','',NULL,'',0,NULL),(836,'2024-12-06 11:07:29','2024-12-06 11:07:29','0000-00-00 00:00:00',6,6,'Adventkalender','Van diamond painting was in de aanbieding bij happy painting maar weet niet of ze nog op voorraad zijn','','1','0','',NULL,'',0,NULL),(837,'2024-12-07 15:41:57','2024-12-12 12:08:31','0000-00-00 00:00:00',6,6,'Boek Irene Schouten','Gehard voor goud geschreven door Robbert de Rijk','22;95','1','1','Bruna paperback',NULL,'',0,NULL),(838,'2024-12-11 20:43:49','2024-12-11 20:44:20','0000-00-00 00:00:00',3,3,'Gekleurde wol','Diverse heldere kleuren op een draad bv:  diverse kleuren Groen of\r\n Oranje of Roze  bij boekshop in de wouwsestraat voor haaknaald 2 t/m 4','2,95 per bol 50 gram','3','0','Boekshop zuivelstraat',NULL,'',0,NULL),(839,'2024-12-11 20:45:44','2025-10-13 19:54:23','0000-00-00 00:00:00',3,3,'Kaarsen','Die stevig staan ','','10','3','',NULL,'',0,NULL),(840,'2025-02-01 15:05:34','2025-02-01 15:05:34','0000-00-00 00:00:00',9,9,'Ice roller','','6,95','1','0','Amazon.com',NULL,'https://www.amazon.com/LATME-Roller-Puffiness-Migraine-Products/dp/B07DDCCLX8/ref=mp_s_a_1_3?crid=1IZHX3B8W70T8&dib=eyJ2IjoiMSJ9.-wtFJppcnCtYbj6ZCoMZq0YWR3Q-Idd1M3FyRef9DoDRM0J2aKR6vrOxxcoU5f2-RuUMfkov9YsflEJK4lnRzv7Cz17aRJj1COi5tzBgmc-S7Jd3zoCggNpnV5aPuT',0,4),(841,'2025-02-01 15:11:32','2025-02-01 15:11:32','0000-00-00 00:00:00',9,9,'Iets van BTS','','','','0','',NULL,'',0,5),(842,'2025-02-01 15:11:46','2025-02-01 15:11:46','0000-00-00 00:00:00',9,9,'Iets van BTS','','','2','0','',NULL,'',0,5),(843,'2025-02-01 15:12:21','2025-02-01 15:12:21','0000-00-00 00:00:00',9,9,'Iets van BTS','','???','1','0','???',NULL,'???',0,5),(844,'2025-10-22 16:08:31','2025-10-22 16:08:31','0000-00-00 00:00:00',4,4,'Galerij Gedichtjes','','','6','0','',NULL,'',0,5);
/*!40000 ALTER TABLE `gifts` ENABLE KEYS */;
UNLOCK TABLES;

--
-- Table structure for table `lists`
--

DROP TABLE IF EXISTS `lists`;
/*!40101 SET @saved_cs_client     = @@character_set_client */;
/*!40101 SET character_set_client = utf8 */;
CREATE TABLE `lists` (
  `id` int(10) unsigned NOT NULL AUTO_INCREMENT,
  `created_at` datetime DEFAULT current_timestamp(),
  `updated_at` datetime DEFAULT current_timestamp() ON UPDATE current_timestamp(),
  `deleted_at` datetime DEFAULT '0000-00-00 00:00:00',
  `user_id` int(11) NOT NULL,
  `name` varchar(255) NOT NULL,
  `date_to_clean_up` datetime DEFAULT '0000-00-00 00:00:00',
  PRIMARY KEY (`id`)
) ENGINE=InnoDB AUTO_INCREMENT=14 DEFAULT CHARSET=utf8mb4 COLLATE=utf8mb4_unicode_ci;
/*!40101 SET character_set_client = @saved_cs_client */;

--
-- Dumping data for table `lists`
--

LOCK TABLES `lists` WRITE;
/*!40000 ALTER TABLE `lists` DISABLE KEYS */;
INSERT INTO `lists` VALUES (1,'2016-10-16 09:23:36','2016-10-16 09:23:36',NULL,1,'Sinterklaas',NULL),(2,'2016-10-16 09:23:36','2016-10-16 09:23:36',NULL,2,'Sinterklaas',NULL),(3,'2016-10-16 09:23:36','2016-10-16 09:23:36',NULL,3,'Sinterklaas',NULL),(4,'2016-10-16 09:23:36','2016-10-16 09:23:36',NULL,4,'Sinterklaas',NULL),(5,'2016-10-16 09:23:36','2016-10-16 09:23:36',NULL,5,'Sinterklaas',NULL),(6,'2016-10-16 09:23:36','2016-10-16 09:23:36',NULL,6,'Sinterklaas',NULL),(7,'2016-10-16 09:23:36','2016-10-16 09:23:36',NULL,7,'Sinterklaas',NULL),(8,'2016-10-16 09:23:36','2016-10-16 09:23:36',NULL,8,'Sinterklaas',NULL),(9,'2016-10-16 09:23:36','2016-10-16 09:23:36',NULL,9,'Sinterklaas',NULL),(10,'2016-10-16 09:23:36','2016-10-16 09:23:36',NULL,10,'Sinterklaas',NULL),(11,'2016-11-12 00:00:00','2016-11-13 00:15:13',NULL,11,'Sinterklaas',NULL),(12,'2017-11-14 00:00:00','2017-11-14 22:53:55',NULL,12,'Sinterklaas',NULL),(13,'2017-11-14 00:00:00','2017-11-14 22:54:12',NULL,13,'Sinterklaas',NULL);
/*!40000 ALTER TABLE `lists` ENABLE KEYS */;
UNLOCK TABLES;

--
-- Table structure for table `ltm_translations`
--

DROP TABLE IF EXISTS `ltm_translations`;
/*!40101 SET @saved_cs_client     = @@character_set_client */;
/*!40101 SET character_set_client = utf8 */;
CREATE TABLE `ltm_translations` (
  `id` int(10) unsigned NOT NULL AUTO_INCREMENT,
  `status` int(11) NOT NULL DEFAULT 0,
  `locale` varchar(255) NOT NULL,
  `group` varchar(255) NOT NULL,
  `key` varchar(255) NOT NULL,
  `value` text DEFAULT NULL,
  `created_at` timestamp NULL DEFAULT NULL,
  `updated_at` timestamp NULL DEFAULT NULL,
  PRIMARY KEY (`id`)
) ENGINE=InnoDB AUTO_INCREMENT=155 DEFAULT CHARSET=utf8mb4 COLLATE=utf8mb4_unicode_ci;
/*!40101 SET character_set_client = @saved_cs_client */;

--
-- Dumping data for table `ltm_translations`
--

LOCK TABLES `ltm_translations` WRITE;
/*!40000 ALTER TABLE `ltm_translations` DISABLE KEYS */;
INSERT INTO `ltm_translations` VALUES (1,0,'en','auth','failed','These credentials do not match our records.','2016-11-05 16:38:50','2016-11-05 16:43:53'),(2,0,'en','auth','throttle','Too many login attempts. Please try again in :seconds seconds.','2016-11-05 16:38:50','2016-11-05 16:43:53'),(3,0,'en','general','or','or','2016-11-05 16:38:50','2016-11-05 21:51:56'),(4,0,'en','general','email_address','email address','2016-11-05 16:38:50','2016-11-05 21:51:56'),(5,0,'en','general','password','password','2016-11-05 16:38:50','2016-11-05 21:51:56'),(6,0,'en','general','wishlist','lists','2016-11-05 16:38:50','2016-11-05 21:51:56'),(7,0,'en','general','gift','gifts','2016-11-05 16:38:50','2016-11-05 21:51:56'),(8,0,'en','general','share','share','2016-11-05 16:38:50','2016-11-05 21:51:56'),(9,0,'en','gift','create','add gift','2016-11-05 16:38:50','2016-11-05 18:32:50'),(10,0,'en','gift','name_required','Name is required','2016-11-05 16:38:50','2016-11-05 18:32:50'),(11,0,'en','pagination','previous','&laquo; Previous','2016-11-05 16:38:50','2016-11-05 16:43:53'),(12,0,'en','pagination','next','Next &raquo;','2016-11-05 16:38:50','2016-11-05 16:43:53'),(13,0,'en','passwords','password','Passwords must be at least six characters and match the confirmation.','2016-11-05 16:38:50','2016-11-05 16:43:53'),(14,0,'en','passwords','reset','Your password has been reset!','2016-11-05 16:38:50','2016-11-05 16:43:53'),(15,0,'en','passwords','sent','We have e-mailed your password reset link!','2016-11-05 16:38:50','2016-11-05 16:43:53'),(16,0,'en','passwords','token','This password reset token is invalid.','2016-11-05 16:38:50','2016-11-05 16:43:53'),(17,0,'en','passwords','user','We can\'t find a user with that e-mail address.','2016-11-05 16:38:50','2016-11-05 16:43:53'),(18,0,'en','validation','accepted','The @attribute must be accepted.','2016-11-05 16:38:50','2016-11-05 16:43:53'),(19,0,'en','validation','active_url','The @attribute is not a valid URL.','2016-11-05 16:38:50','2016-11-05 16:43:53'),(20,0,'en','validation','after','The @attribute must be a date after :date.','2016-11-05 16:38:50','2016-11-05 16:43:53'),(21,0,'en','validation','alpha','The @attribute may only contain letters.','2016-11-05 16:38:50','2016-11-05 16:43:53'),(22,0,'en','validation','alpha_dash','The @attribute may only contain letters, numbers, and dashes.','2016-11-05 16:38:50','2016-11-05 16:43:53'),(23,0,'en','validation','alpha_num','The @attribute may only contain letters and numbers.','2016-11-05 16:38:50','2016-11-05 16:43:53'),(24,0,'en','validation','array','The @attribute must be an array.','2016-11-05 16:38:50','2016-11-05 16:43:53'),(25,0,'en','validation','before','The @attribute must be a date before :date.','2016-11-05 16:38:50','2016-11-05 16:43:53'),(26,0,'en','validation','between.numeric','The @attribute must be between @min and :max.','2016-11-05 16:38:50','2016-11-05 16:43:53'),(27,0,'en','validation','between.file','The @attribute must be between @min and @max kilobytes.','2016-11-05 16:38:50','2016-11-05 16:43:53'),(28,0,'en','validation','between.string','The @attribute must be between @min and @max characters.','2016-11-05 16:38:50','2016-11-05 16:43:53'),(29,0,'en','validation','between.array','The @attribute must have between @min and @max items.','2016-11-05 16:38:50','2016-11-05 16:43:53'),(30,0,'en','validation','boolean','The @attribute field must be true or false.','2016-11-05 16:38:50','2016-11-05 16:43:53'),(31,0,'en','validation','confirmed','The @attribute confirmation does not match.','2016-11-05 16:38:50','2016-11-05 16:43:53'),(32,0,'en','validation','date','The @attribute is not a valid date.','2016-11-05 16:38:50','2016-11-05 16:43:53'),(33,0,'en','validation','date_format','The @attribute does not match the format :format.','2016-11-05 16:38:50','2016-11-05 16:43:53'),(34,0,'en','validation','different','The @attribute and @other must be different.','2016-11-05 16:38:50','2016-11-05 16:43:53'),(35,0,'en','validation','digits','The @attribute must be @digits digits.','2016-11-05 16:38:50','2016-11-05 16:43:53'),(36,0,'en','validation','digits_between','The @attribute must be between @min and @max digits.','2016-11-05 16:38:50','2016-11-05 16:43:53'),(37,0,'en','validation','email','The @attribute must be a valid email address.','2016-11-05 16:38:50','2016-11-05 16:43:53'),(38,0,'en','validation','exists','The selected @attribute is invalid.','2016-11-05 16:38:50','2016-11-05 16:43:53'),(39,0,'en','validation','filled','The @attribute field is required.','2016-11-05 16:38:50','2016-11-05 16:43:53'),(40,0,'en','validation','image','The @attribute must be an image.','2016-11-05 16:38:50','2016-11-05 16:43:53'),(41,0,'en','validation','in','The selected @attribute is invalid.','2016-11-05 16:38:50','2016-11-05 16:43:53'),(42,0,'en','validation','integer','The @attribute must be an integer.','2016-11-05 16:38:50','2016-11-05 16:43:53'),(43,0,'en','validation','ip','The @attribute must be a valid IP address.','2016-11-05 16:38:50','2016-11-05 16:43:53'),(44,0,'en','validation','json','The @attribute must be a valid JSON string.','2016-11-05 16:38:50','2016-11-05 16:43:53'),(45,0,'en','validation','max.numeric','The @attribute may not be greater than :max.','2016-11-05 16:38:50','2016-11-05 16:43:53'),(46,0,'en','validation','max.file','The @attribute may not be greater than @max kilobytes.','2016-11-05 16:38:50','2016-11-05 16:43:53'),(47,0,'en','validation','max.string','The @attribute may not be greater than @max characters.','2016-11-05 16:38:50','2016-11-05 16:43:53'),(48,0,'en','validation','max.array','The @attribute may not have more than @max items.','2016-11-05 16:38:50','2016-11-05 16:43:54'),(49,0,'en','validation','mimes','The @attribute must be a file of type: :values.','2016-11-05 16:38:50','2016-11-05 16:43:54'),(50,0,'en','validation','min.numeric','The @attribute must be at least :min.','2016-11-05 16:38:50','2016-11-05 16:43:54'),(51,0,'en','validation','min.file','The @attribute must be at least @min kilobytes.','2016-11-05 16:38:50','2016-11-05 16:43:54'),(52,0,'en','validation','min.string','The @attribute must be at least @min characters.','2016-11-05 16:38:50','2016-11-05 16:43:54'),(53,0,'en','validation','min.array','The @attribute must have at least @min items.','2016-11-05 16:38:50','2016-11-05 16:43:54'),(54,0,'en','validation','not_in','The selected @attribute is invalid.','2016-11-05 16:38:50','2016-11-05 16:43:54'),(55,0,'en','validation','numeric','The @attribute must be a number.','2016-11-05 16:38:50','2016-11-05 16:43:54'),(56,0,'en','validation','regex','The @attribute format is invalid.','2016-11-05 16:38:50','2016-11-05 16:43:54'),(57,0,'en','validation','required','The @attribute field is required.','2016-11-05 16:38:50','2016-11-05 16:43:54'),(58,0,'en','validation','required_if','The @attribute field is required when @other is :value.','2016-11-05 16:38:50','2016-11-05 16:43:54'),(59,0,'en','validation','required_unless','The @attribute field is required unless @other is in :values.','2016-11-05 16:38:50','2016-11-05 16:43:54'),(60,0,'en','validation','required_with','The @attribute field is required when @values is present.','2016-11-05 16:38:50','2016-11-05 16:43:54'),(61,0,'en','validation','required_with_all','The @attribute field is required when @values is present.','2016-11-05 16:38:50','2016-11-05 16:43:54'),(62,0,'en','validation','required_without','The @attribute field is required when @values is not present.','2016-11-05 16:38:50','2016-11-05 16:43:54'),(63,0,'en','validation','required_without_all','The @attribute field is required when none of @values are present.','2016-11-05 16:38:50','2016-11-05 16:43:54'),(64,0,'en','validation','same','The @attribute and @other must match.','2016-11-05 16:38:50','2016-11-05 16:43:54'),(65,0,'en','validation','size.numeric','The @attribute must be :size.','2016-11-05 16:38:50','2016-11-05 16:43:54'),(66,0,'en','validation','size.file','The @attribute must be @size kilobytes.','2016-11-05 16:38:50','2016-11-05 16:43:54'),(67,0,'en','validation','size.string','The @attribute must be @size characters.','2016-11-05 16:38:50','2016-11-05 16:43:54'),(68,0,'en','validation','size.array','The @attribute must contain @size items.','2016-11-05 16:38:50','2016-11-05 16:43:54'),(69,0,'en','validation','string','The @attribute must be a string.','2016-11-05 16:38:50','2016-11-05 16:43:54'),(70,0,'en','validation','timezone','The @attribute must be a valid zone.','2016-11-05 16:38:50','2016-11-05 16:43:54'),(71,0,'en','validation','unique','The @attribute has already been taken.','2016-11-05 16:38:50','2016-11-05 16:43:54'),(72,0,'en','validation','url','The @attribute format is invalid.','2016-11-05 16:38:50','2016-11-05 16:43:54'),(73,0,'en','validation','custom.attribute-name.rule-name','custom-message','2016-11-05 16:38:50','2016-11-05 16:43:54'),(74,0,'en','welcome','create_wishlist','Create your lists. Birthday, wedding, christmas, whatever tickles your fancy!','2016-11-05 16:38:50','2016-11-05 17:23:05'),(75,0,'en','welcome','create_gift','Add as many gifts to it as you like','2016-11-05 16:38:50','2016-11-05 17:23:05'),(76,0,'en','welcome','share_with_family_and_friends','Then share them with your friends and family','2016-11-05 16:38:50','2016-11-05 17:23:05'),(77,0,'en','welcome','log_in_account','Sign in to your account','2016-11-05 16:38:50','2016-11-05 17:23:05'),(78,0,'en','welcome','remember_me','Remember me','2016-11-05 16:38:50','2016-11-05 17:23:05'),(79,0,'en','welcome','forgot_password','Forgot your password@f7','2016-11-05 16:38:50','2016-11-05 17:23:05'),(80,0,'en','welcome','login','Sign in','2016-11-05 16:38:50','2016-11-05 17:23:05'),(81,0,'en','welcome','no_account','Dont\'t have an account yet?','2016-11-05 16:38:50','2016-11-05 17:23:05'),(82,0,'en','welcome','sign_up','Sign up','2016-11-05 16:38:50','2016-11-05 17:23:05'),(83,0,'en','welcome','twitter_login','Twitter log in','2016-11-05 16:38:50','2016-11-05 17:23:05'),(84,0,'en','welcome','facebook_login','Facebook log in','2016-11-05 16:38:50','2016-11-05 17:23:05'),(85,0,'en','welcome','welcome','Welcome to mijncadeautjes','2016-11-05 16:38:50','2016-11-05 17:23:05'),(86,0,'en','welcome','place_to_be','The place for all your gifts','2016-11-05 16:38:50','2016-11-05 17:23:05'),(87,0,'en','welcome','','','2016-11-05 16:38:50','2016-11-05 17:23:05'),(88,0,'nl','gift','create','voeg toe','2016-11-05 16:38:50','2016-11-05 18:32:50'),(89,0,'nl','gift','name_required','Naam is verplicht','2016-11-05 16:38:50','2016-11-05 18:32:50'),(90,0,'nl','gift','name_max','Naam mag maximaal 255 tekens bevatten','2016-11-05 16:38:50','2016-11-05 18:32:50'),(91,0,'nl','gift','image_max','Plaatje mag maximaal 1MB groot zijn','2016-11-05 16:38:50','2016-11-05 18:32:50'),(92,0,'nl','general','email_address','e-mail adres','2016-11-05 16:44:42','2016-11-05 21:51:56'),(93,0,'nl','general','gift','cadeautjes','2016-11-05 16:45:01','2016-11-05 21:51:56'),(94,0,'nl','general','or','of','2016-11-05 16:45:10','2016-11-05 21:51:56'),(95,0,'nl','general','password','wachtwoord','2016-11-05 16:45:21','2016-11-05 21:51:56'),(96,0,'nl','general','share','deel','2016-11-05 16:45:28','2016-11-05 21:51:56'),(97,0,'nl','general','wishlist','lijstjes','2016-11-05 16:45:48','2016-11-05 21:51:56'),(98,0,'en','gift','image_max','Max size of image is 1MB','2016-11-05 16:46:31','2016-11-05 18:32:50'),(99,0,'en','gift','name_max','Name can be max 255 characters','2016-11-05 16:46:46','2016-11-05 18:32:50'),(100,0,'en','welcome','sign_in',NULL,'2016-11-05 16:46:47','2016-11-05 16:46:47'),(101,0,'en','general','name','name','2016-11-05 16:46:47','2016-11-05 21:51:56'),(102,0,'en','general','description','description','2016-11-05 16:46:47','2016-11-05 21:51:56'),(103,0,'en','general','shop','shop','2016-11-05 16:46:47','2016-11-05 21:51:56'),(104,0,'en','general','price','price','2016-11-05 16:46:47','2016-11-05 21:51:56'),(105,0,'en','general','amount','how many','2016-11-05 16:46:47','2016-11-05 21:51:56'),(106,0,'en','general','url','url','2016-11-05 16:46:47','2016-11-05 21:51:56'),(107,0,'en','general','upload_image','upload image','2016-11-05 16:46:47','2016-11-05 21:51:56'),(108,0,'en','general','save','save','2016-11-05 16:46:47','2016-11-05 21:51:56'),(109,0,'en','gift','delete','delete','2016-11-05 16:46:47','2016-11-05 18:32:50'),(110,0,'en','general','close','close','2016-11-05 16:46:47','2016-11-05 21:51:56'),(111,0,'en','general','delete','delete','2016-11-05 16:46:47','2016-11-05 21:51:56'),(112,0,'en','general','home','home','2016-11-05 16:46:47','2016-11-05 21:51:56'),(113,1,'nl','auth','failed','Gebruikersnaam of wachtwoord is incorrect','2016-11-05 16:47:29','2016-11-05 16:47:29'),(114,1,'nl','auth','throttle','Te veel login pogingen. Probeer het over een paar seconden nog een keer','2016-11-05 16:48:03','2016-11-05 16:48:03'),(115,1,'nl','pagination','next','Volgende','2016-11-05 16:49:45','2016-11-05 17:06:33'),(116,1,'nl','pagination','previous','Vorige','2016-11-05 16:49:57','2016-11-05 16:49:57'),(117,1,'nl','passwords','password','Wachtwoord moet minimaal 6 characters lang zijn en overeenkomen met het bevestigingswachtwoord','2016-11-05 17:08:02','2016-11-05 17:08:02'),(118,1,'nl','passwords','reset','Je wachtwoord is gereset','2016-11-05 17:08:35','2016-11-05 17:08:35'),(119,1,'nl','passwords','sent','Je wachtwoord is naar je e-mail verzonden','2016-11-05 17:09:26','2016-11-05 17:09:26'),(120,1,'nl','passwords','token','Het reset token is niet correct','2016-11-05 17:09:50','2016-11-05 17:09:50'),(121,1,'nl','passwords','user','Er is geen gebruiker gevonden met dat e-mail adres','2016-11-05 17:10:07','2016-11-05 17:10:07'),(122,0,'nl','welcome','facebook_login','Facebook login','2016-11-05 17:14:06','2016-11-05 17:23:05'),(123,0,'nl','welcome','forgot_password','Wachtwoord vergeten?','2016-11-05 17:14:31','2016-11-05 17:23:05'),(124,0,'nl','welcome','log_in_account','Login op je account','2016-11-05 17:14:47','2016-11-05 17:23:05'),(125,0,'nl','welcome','login','Inloggen','2016-11-05 17:15:08','2016-11-05 17:23:05'),(126,0,'nl','welcome','no_account','Nog geen account?','2016-11-05 17:15:19','2016-11-05 17:23:05'),(127,0,'nl','welcome','remember_me','Remember me','2016-11-05 17:16:05','2016-11-05 17:23:05'),(128,1,'nl','welcome','share_with_family_and_friends',NULL,'2016-11-05 17:16:37','2016-11-05 17:17:07'),(129,0,'nl','welcome','sign_in','Registreren','2016-11-05 17:16:50','2016-11-05 17:23:05'),(130,0,'nl','welcome','sign_up','registreren','2016-11-05 17:17:21','2016-11-05 17:23:05'),(131,0,'nl','welcome','twitter_login','Twitter login','2016-11-05 17:17:58','2016-11-05 17:23:05'),(132,0,'nl','welcome','welcome','Welkom op mijncadeautjes','2016-11-05 17:18:23','2016-11-05 17:23:05'),(133,0,'nl','general','amount','hoeveel','2016-11-05 17:25:03','2016-11-05 21:51:56'),(134,0,'nl','general','close','sluiten','2016-11-05 17:25:13','2016-11-05 21:51:56'),(135,0,'nl','general','delete','verwijderen','2016-11-05 17:25:31','2016-11-05 21:51:56'),(136,0,'nl','general','description','omschrijving','2016-11-05 17:25:39','2016-11-05 21:51:56'),(137,0,'nl','general','home','home','2016-11-05 17:26:21','2016-11-05 21:51:56'),(138,0,'nl','general','name','naam','2016-11-05 17:26:45','2016-11-05 21:51:56'),(139,0,'nl','general','price','prijs','2016-11-05 17:28:59','2016-11-05 21:51:56'),(140,0,'nl','general','save','opslaan','2016-11-05 17:29:04','2016-11-05 21:51:56'),(141,0,'nl','general','shop','winkel','2016-11-05 17:29:19','2016-11-05 21:51:56'),(142,0,'nl','general','upload_image','plaatje uploaden','2016-11-05 17:29:32','2016-11-05 21:51:56'),(143,0,'nl','general','url','url','2016-11-05 17:29:43','2016-11-05 21:51:56'),(144,0,'nl','gift','delete','verwijderen','2016-11-05 17:45:13','2016-11-05 18:32:50'),(145,0,'en','general','click_here','click here','2016-11-05 17:55:39','2016-11-05 21:51:56'),(146,0,'en','general','browse','browse','2016-11-05 17:55:39','2016-11-05 21:51:56'),(147,0,'nl','general','browse','bladeren','2016-11-05 17:56:38','2016-11-05 21:51:56'),(148,0,'nl','general','click_here','klik hier','2016-11-05 17:56:45','2016-11-05 21:51:56'),(149,0,'en','gift','update_gift','update gift','2016-11-05 18:02:48','2016-11-05 18:32:50'),(150,0,'nl','gift','update_gift','cadeau bijwerken','2016-11-05 18:03:31','2016-11-05 18:32:50'),(151,0,'en','gift','add_gift','add gift','2016-11-05 18:30:20','2016-11-05 18:32:50'),(152,0,'nl','gift','add_gift','voeg cadeau toe','2016-11-05 18:31:00','2016-11-05 18:32:50'),(153,0,'en','general','copyright','All Rights Reserved.','2016-11-05 21:51:20','2016-11-05 21:51:56'),(154,0,'nl','general','copyright','Alle rechten voorbehouden','2016-11-05 21:51:45','2016-11-05 21:51:56');
/*!40000 ALTER TABLE `ltm_translations` ENABLE KEYS */;
UNLOCK TABLES;

--
-- Table structure for table `migrations`
--

DROP TABLE IF EXISTS `migrations`;
/*!40101 SET @saved_cs_client     = @@character_set_client */;
/*!40101 SET character_set_client = utf8 */;
CREATE TABLE `migrations` (
  `migration` varchar(255) NOT NULL,
  `batch` int(11) NOT NULL
) ENGINE=InnoDB DEFAULT CHARSET=utf8mb4 COLLATE=utf8mb4_unicode_ci;
/*!40101 SET character_set_client = @saved_cs_client */;

--
-- Dumping data for table `migrations`
--

LOCK TABLES `migrations` WRITE;
/*!40000 ALTER TABLE `migrations` DISABLE KEYS */;
INSERT INTO `migrations` VALUES ('2014_10_12_000000_create_users_table',1),('2014_10_12_100000_create_password_resets_table',1),('2016_02_20_134808_create_gifts_table',1),('2016_02_20_134825_create_lists_table',1),('2016_10_16_064832_add_dob_to_users',2),('2016_10_16_090526_change_lists_table',3),('2016_10_16_100950_change_gifts_table',4),('2016_10_16_202222_create_user_friends_link_table',5),('2016_11_04_195706_ad_stars_to_gifts',6),('2014_04_02_193005_create_translations_table',7),('2016_11_09_182935_edit_gifts_nullables',8);
/*!40000 ALTER TABLE `migrations` ENABLE KEYS */;
UNLOCK TABLES;

--
-- Table structure for table `password_resets`
--

DROP TABLE IF EXISTS `password_resets`;
/*!40101 SET @saved_cs_client     = @@character_set_client */;
/*!40101 SET character_set_client = utf8 */;
CREATE TABLE `password_resets` (
  `email` varchar(255) NOT NULL,
  `token` varchar(255) NOT NULL,
  `created_at` timestamp NOT NULL DEFAULT current_timestamp() ON UPDATE current_timestamp(),
  `updated_at` timestamp NOT NULL DEFAULT '0000-00-00 00:00:00',
  `deleted_at` timestamp NOT NULL DEFAULT '0000-00-00 00:00:00',
  KEY `password_resets_email_index` (`email`),
  KEY `password_resets_token_index` (`token`)
) ENGINE=InnoDB DEFAULT CHARSET=utf8mb4 COLLATE=utf8mb4_unicode_ci;
/*!40101 SET character_set_client = @saved_cs_client */;

--
-- Dumping data for table `password_resets`
--

LOCK TABLES `password_resets` WRITE;
/*!40000 ALTER TABLE `password_resets` DISABLE KEYS */;
/*!40000 ALTER TABLE `password_resets` ENABLE KEYS */;
UNLOCK TABLES;

--
-- Table structure for table `users`
--

DROP TABLE IF EXISTS `users`;
/*!40101 SET @saved_cs_client     = @@character_set_client */;
/*!40101 SET character_set_client = utf8 */;
CREATE TABLE `users` (
  `id` int(10) unsigned NOT NULL AUTO_INCREMENT,
  `first_name` varchar(255) NOT NULL,
  `last_name` varchar(255) NOT NULL,
  `email` varchar(255) NOT NULL,
  `password` varchar(255) NOT NULL,
  `remember_token` varchar(100) DEFAULT NULL,
  `created_at` timestamp NULL DEFAULT NULL,
  `updated_at` timestamp NULL DEFAULT NULL,
  `date_of_birth` datetime DEFAULT NULL,
  PRIMARY KEY (`id`),
  UNIQUE KEY `users_email_unique` (`email`)
) ENGINE=InnoDB AUTO_INCREMENT=14 DEFAULT CHARSET=utf8mb4 COLLATE=utf8mb4_unicode_ci;
/*!40101 SET character_set_client = @saved_cs_client */;

--
-- Dumping data for table `users`
--

LOCK TABLES `users` WRITE;
/*!40000 ALTER TABLE `users` DISABLE KEYS */;
INSERT INTO `users` VALUES (1,'Emiel','Hertogs','e.hertogs@gmail.com','$2y$10$py/ebjeCDQZ5gxRLPdEl7.j.l/nC.F7jEhtpcXzi6zWlL/.LHS2sG','M9gZL1H3mMuXywU4qeWnPemiaoBiApRAwJdf99Le8fAX7xELy1gfmVIk8fUY','2016-10-16 06:02:12','2023-12-01 13:12:01','1981-07-11 00:00:00'),(2,'Emma','Hertogs','emma444@gmail.com','$2y$10$eACYSU4bI5cfdqsJX/Bj4.gYiOywGWzFoKjSQ5QOH.DTiyVk.hmbi','OXSLCWwwxVVuSg6NT9VbZg7sEeGRnkVPBFqazOm2Izkm6ewdh0Oa5tzmlx6r','2016-10-16 06:02:12','2024-11-18 12:40:40','1980-08-16 00:00:00'),(3,'Ankie','de laet','ankiedelaet@gmail.com','$2y$10$b0CAuUqiADkDhGLdaxvv0.7mLgXycLcGritN7.xVMxp8gNYHs3Ky6','IVaDjrMlLlc2PZHUi6taGszlXp6ZwqhEL1sZ9csLXhk1XTHYS5LRYlziGfS8','2016-10-16 06:02:12','2024-11-29 15:48:10','1949-10-17 00:00:00'),(4,'Barbara','Hertogs','barbara.hertogs@gmail.com','$2y$10$n44zhF7xRUaYX/ecxvnru.75n1zt/aVKJBavOaPUgVyp7IwmE5sv2','OQowVALB7pQ4RE9aTGEF5eCfqM39EFqw2P1xrKFyWcbHzldHk04rhywn4Amj','2016-10-16 06:02:12','2024-11-19 09:48:03','1978-10-07 00:00:00'),(5,'John','de Laet','johndelaet@ziggo.nl','$2y$10$qItTf3iXjw.ZQplE3jsq2eXq03Dix54SJFy200RS46U8wAQYyf7XK','8T62m0Oq7paIERSy0UYVQck52viqXuMODf8OKQItaA32WtFBPLHhnB7TADX9','2016-10-16 06:02:12','2024-12-14 09:39:10','1955-12-17 00:00:00'),(6,'Monique','de Laet','moniquedelaet@ziggo.nl','$2y$10$FxCxLcpIIlr3JogOuqdpd.y.LsM04s15GmLOEQ870z8n9jbZda5oa','iZpuHAHFddzVAUwjMkK6QZZyT6c6sb9oZ0m2X4SzqXW2E8sp8olEYTjpFp2t','2016-10-16 06:02:12','2024-12-21 13:28:19','1965-06-19 00:00:00'),(7,'Bas','de Laet','basdelaet@ziggo.nl','$2y$10$G4mytNepMwqA4th5TZpJieJ6fbi2.7y3pvC43voZs2v1NLUgd05HW','GHvoh6MRqhkY22O8wtNsmWQfDPwzwtvKzlN5vPXPuBslrEDGIjkKJuDH7O89','2016-10-16 06:02:12','2024-12-21 13:14:37','1995-02-28 00:00:00'),(8,'Liza','de Laet','omaliza1924@gmail.com','$2y$10$2isz7c/FILiqLGnbzsH8ReAMgJISfRj7U6axKIfYca9kjakCPHJui','8VFsZVAQzXuqk1aSGVkbHWYWVsPPbElLWa3wkc36lJm7eSym1GVXNbeje3nx','2016-10-16 06:02:12','2018-12-08 18:25:09','1924-06-27 00:00:00'),(9,'Chloë','Hertogs','chloe.hertogs@gmail.com','$2y$10$D1RLYGFimi88SLUzJJFl4ub3VTbh/ciojnjc7ezuxrNf.TSJjBQti','CI10biAypBsBTJUCunSflaFaXieF7NePgYBJDMAs2r40IJYSLal7oOYIZuav','2016-10-16 06:02:12','2024-11-19 20:02:15','2012-07-17 00:00:00'),(10,'Daisy','Hertogs','daisy.hertogs@gmail.com','$2y$10$.QEHHrFAUORE3RZigKxZjuVnKbDc8O3atAo2TmrCFQskTICSSjTai','zilqiwYjqSpkLh4vsm9kHTbUfPO7nwDcidSfCffjmSBy9Q7tCaKW4AAiSJ1a','2016-10-16 06:02:12','2025-02-01 14:57:18','2014-06-27 00:00:00'),(12,'Emiel','Hertogs','e.hertogs+test@gmail.com','$2y$10$py/ebjeCDQZ5gxRLPdEl7.j.l/nC.F7jEhtpcXzi6zWlL/.LHS2sG','L8DvscVQeAyQS1Qxo8sv8Yc4WnIrk9TjTZMh27aB9GtO2RVuJnWAiHRLyLNq','2016-11-13 15:03:54','2019-12-05 20:05:52',NULL),(13,'Antonios','Vamporakis','vamporakis@yahoo.com','$2y$10$vEVIRpu.74TftAumNpq4ZOVbXUlhD3GZwTy1O7SCftrBXV4NAD4S2','nH2BrzyUKwvZFPJencNLJEyyqTYzUzoSRaWpwnpAOTQh4pQAarmZ1RSquCLx','2017-10-31 22:00:00','2021-11-20 13:44:47','1977-10-31 00:00:00');
/*!40000 ALTER TABLE `users` ENABLE KEYS */;
UNLOCK TABLES;

--
-- Table structure for table `users-friends`
--

DROP TABLE IF EXISTS `users-friends`;
/*!40101 SET @saved_cs_client     = @@character_set_client */;
/*!40101 SET character_set_client = utf8 */;
CREATE TABLE `users-friends` (
  `id` int(10) unsigned NOT NULL AUTO_INCREMENT,
  `user_id` int(10) unsigned NOT NULL,
  `friend_id` int(10) unsigned NOT NULL,
  PRIMARY KEY (`id`),
  KEY `users_friends_user_id_index` (`user_id`),
  KEY `users_friends_friend_id_index` (`friend_id`),
  CONSTRAINT `users_friends_friend_id_foreign` FOREIGN KEY (`friend_id`) REFERENCES `users` (`id`) ON DELETE CASCADE,
  CONSTRAINT `users_friends_user_id_foreign` FOREIGN KEY (`user_id`) REFERENCES `users` (`id`) ON DELETE CASCADE
) ENGINE=InnoDB AUTO_INCREMENT=136 DEFAULT CHARSET=utf8mb4 COLLATE=utf8mb4_unicode_ci;
/*!40101 SET character_set_client = @saved_cs_client */;

--
-- Dumping data for table `users-friends`
--

LOCK TABLES `users-friends` WRITE;
/*!40000 ALTER TABLE `users-friends` DISABLE KEYS */;
INSERT INTO `users-friends` VALUES (1,1,2),(2,1,3),(3,1,4),(4,1,5),(5,1,6),(6,1,7),(7,1,8),(8,2,1),(9,2,3),(10,2,4),(11,2,5),(12,2,6),(13,2,7),(14,2,8),(15,3,1),(16,3,2),(17,3,4),(18,3,5),(19,3,6),(20,3,7),(21,3,8),(22,4,1),(23,4,2),(24,4,3),(25,4,5),(26,4,6),(27,4,7),(28,4,8),(29,5,1),(30,5,2),(31,5,3),(32,5,4),(33,5,6),(34,5,7),(35,5,8),(36,6,1),(37,6,2),(38,6,3),(39,6,4),(40,6,5),(41,6,7),(42,6,8),(43,7,1),(44,7,2),(45,7,3),(46,7,4),(47,7,5),(48,7,6),(49,7,8),(50,8,1),(51,8,2),(52,8,3),(53,8,4),(54,8,5),(55,8,6),(56,8,7),(57,9,1),(58,9,2),(59,9,3),(60,9,4),(61,9,5),(62,9,6),(63,9,7),(64,9,8),(65,1,9),(66,2,9),(67,3,9),(68,4,9),(69,5,9),(70,6,9),(71,7,9),(72,8,9),(73,10,9),(74,10,8),(75,10,7),(76,10,6),(77,10,5),(78,10,4),(79,10,3),(80,10,2),(81,10,1),(82,9,10),(83,8,10),(84,7,10),(85,6,10),(86,5,10),(87,4,10),(88,3,10),(89,2,10),(90,1,10),(111,1,13),(112,2,13),(113,3,13),(114,4,13),(115,5,13),(116,6,13),(117,7,13),(118,8,13),(119,9,13),(120,10,13),(122,13,1),(123,13,2),(124,13,3),(125,13,4),(126,13,5),(127,13,6),(128,13,7),(129,13,8),(130,13,9),(131,13,10),(133,12,1),(134,1,12),(135,12,10);
/*!40000 ALTER TABLE `users-friends` ENABLE KEYS */;
UNLOCK TABLES;
/*!40103 SET TIME_ZONE=@OLD_TIME_ZONE */;

/*!40101 SET SQL_MODE=@OLD_SQL_MODE */;
/*!40014 SET FOREIGN_KEY_CHECKS=@OLD_FOREIGN_KEY_CHECKS */;
/*!40014 SET UNIQUE_CHECKS=@OLD_UNIQUE_CHECKS */;
/*!40101 SET CHARACTER_SET_CLIENT=@OLD_CHARACTER_SET_CLIENT */;
/*!40101 SET CHARACTER_SET_RESULTS=@OLD_CHARACTER_SET_RESULTS */;
/*!40101 SET COLLATION_CONNECTION=@OLD_COLLATION_CONNECTION */;
/*!40111 SET SQL_NOTES=@OLD_SQL_NOTES */;